school,conference,offensive_coordinator,defensive_coordinator,special_teams_coordinator,source_url,notes
Air Force,Mountain West,Mike Thiessen,Steve Russ,,https://en.wikipedia.org/wiki/2026_Air_Force_Falcons_football_team,
Akron,Mid-American,,Tim Tibesar,,https://en.wikipedia.org/wiki/2026_Akron_Zips_football_team,OC not found; 2026 preview says HC Joe Moorhead calls the offense
Alabama,SEC,Ryan Grubb,Kane Wommack,,https://en.wikipedia.org/wiki/2026_Alabama_Crimson_Tide_football_team,Co-DC Maurice Linguist
App State,Sun Belt,Mike Anthony,D.J. Smith,Tyler Zielenske,https://en.wikipedia.org/wiki/2026_Appalachian_State_Mountaineers_football_team,
Arizona,Big 12,Seth Doege,Danny Gonzales,Craig Naivar,https://en.wikipedia.org/wiki/2026_Arizona_Wildcats_football_team,
Arizona State,Big 12,Marcus Arroyo,Brian Ward,,https://en.wikipedia.org/wiki/2026_Arizona_State_Sun_Devils_football_team,
Arkansas,SEC,Tim Cramsey,Ron Roberts,Chad Lunsford,https://en.wikipedia.org/wiki/2026_Arkansas_Razorbacks_football_team,Co-DC Deron Wilson
Arkansas State,Sun Belt,Garrett Altman,Griff McCarley,Kody Schexnayder,https://en.wikipedia.org/wiki/2026_Arkansas_State_Red_Wolves_football_team,ST read from wiki staff table (low confidence)
Army,American Athletic,Cody Worley,Daryl Dixon,Sean Saturnio,https://en.wikipedia.org/wiki/2026_Army_Black_Knights_football_team,
Auburn,SEC,Joel Gordon,D. J. Durkin,Jacob Bronowski,https://en.wikipedia.org/wiki/2026_Auburn_Tigers_football_team,Co-OC Kodi Burns; Co-DC Tim Banks
Ball State,Mid-American,,Jeff Knowles,,https://en.wikipedia.org/wiki/2026_Ball_State_Cardinals_football_team,No OC title found; HC Mike Uremovich runs the offense (Craig Harmon = offensive pass game coordinator/QB)
Baylor,Big 12,Jake Spavital,Joe Klanderman,Mark Scott,https://en.wikipedia.org/wiki/2026_Baylor_Bears_football_team,
Boise State,Pac-12,Nate Potter,Erik Chinander,Stacy Collins,https://en.wikipedia.org/wiki/2026_Boise_State_Broncos_football_team,Co-OC Zak Hill; Co-DC Terrence Brown
Boston College,ACC,Bill O'Brien,Ted Roof,,https://en.wikipedia.org/wiki/2026_Boston_College_Eagles_football_team | https://www.si.com/college/miami/2026-miami-football-early-opponent-preview-game-12-boston-college,OC per SI 2026 opponent preview: head coach Bill O'Brien serves as his own OC (single source)
Bowling Green,Mid-American,Greg Nosal,Joe Bowden,Greg Froelich,https://en.wikipedia.org/wiki/2026_Bowling_Green_Falcons_football_team,
Buffalo,Mid-American,Tony Tokarz,Brian Dougherty,,https://en.wikipedia.org/wiki/2026_Buffalo_Bulls_football_team,
BYU,Big 12,Aaron Roderick,Kelly Poppinga,Justin Ena,https://en.wikipedia.org/wiki/2026_BYU_Cougars_football_team,Poppinga promoted to DC Jan 2026 (wiki also mentions him coaching inside linebackers)
California,ACC,Jordan Somerville,Michael Hutchings,Zach Tinker,https://en.wikipedia.org/wiki/2026_California_Golden_Bears_football_team,Co-OC Ike Hilliard; Co-DC Da'Von Brown
Central Michigan,Mid-American,Jim Chapin,Sean Cronin,,https://en.wikipedia.org/wiki/2026_Central_Michigan_Chippewas_football_team,Co-OC Derek Fulton
Charlotte,American Athletic,Todd Fitch,Nate Faanes,Brian Haines,https://en.wikipedia.org/wiki/2026_Charlotte_49ers_football_team,
Cincinnati,Big 12,Pete Thomas,Nate Woody,Luke Paschall,https://en.wikipedia.org/wiki/2026_Cincinnati_Bearcats_football_team,Co-OC Nic Cardwell; Co-DC Cortney Braswell
Clemson,ACC,Chad Morris,Tom Allen,,https://en.wikipedia.org/wiki/2026_Clemson_Tigers_football_team,Co-OCs Kyle Richardson and Matt Luke; Co-DC Nick Eason; 2025 OC Garrett Riley departed
Coastal Carolina,Sun Belt,Nick Petrino,L. D. Scott,,https://en.wikipedia.org/wiki/2026_Coastal_Carolina_Chanticleers_football_team,
Colorado,Big 12,Brennan Marion,Chris Marve,,https://en.wikipedia.org/wiki/2026_Colorado_Buffaloes_football_team,
Colorado State,Pac-12,Pryce Tracy,Tyson Summers,,https://en.wikipedia.org/wiki/2026_Colorado_State_Rams_football_team,"Co-DC Kenny McClendon; wiki infobox carries an unexplained ""first 5 games"" note on Summers but no report of a change was found"
Delaware,Conference USA,Terence Archer,Manny Rojas,,https://en.wikipedia.org/wiki/2026_Delaware_Fightin'_Blue_Hens_football_team,
Duke,ACC,Jonathan Brewer,Jonathan Patke,,https://en.wikipedia.org/wiki/2026_Duke_Blue_Devils_football_team,
East Carolina,American Athletic,Jordan Davis,Jordon Hankins,Ryan Smith,https://en.wikipedia.org/wiki/2026_East_Carolina_Pirates_football_team,Co-DC Roy Tesh
Eastern Michigan,Mid-American,Mike Piatkowski,Tate Omli,,https://en.wikipedia.org/wiki/2026_Eastern_Michigan_Eagles_football_team,Co-DC Kasey Teegardin
Florida,SEC,Buster Faulkner,Brad White,Johnathan Galante,https://en.wikipedia.org/wiki/2026_Florida_Gators_football_team,
Florida Atlantic,American Athletic,,Brett Dewhurst,Tyler Schovanec,https://en.wikipedia.org/wiki/2026_Florida_Atlantic_Owls_football_team | https://fausports.com/news/2026/2/5/football-kittleys-inaugural-coaching-staff-returns,"OC title not found (HC Zach Kittley, former OC, likely calls plays); FAU says entire 2025 staff returned for 2026"
Florida International,Conference USA,Nick Coleman,Jovan Dewitt,Kenneth Gilstrap,https://en.wikipedia.org/wiki/2026_FIU_Panthers_football_team,
Florida State,ACC,Tim Harris Jr.,Tony White,Adam Scheier,https://en.wikipedia.org/wiki/2026_Florida_State_Seminoles_football_team,
Fresno State,Pac-12,Josh Davis,Nick Benedetto,John Baxter,https://en.wikipedia.org/wiki/2026_Fresno_State_Bulldogs_football_team,Co-DC Adam Breske
Georgia,SEC,Mike Bobo,Glenn Schumann,Kirk Benedict,https://en.wikipedia.org/wiki/2026_Georgia_Bulldogs_football_team,Co-DC Travaris Robinson
Georgia Southern,Sun Belt,Ryan Aplin,Mike Mutz,,https://en.wikipedia.org/wiki/2026_Georgia_Southern_Eagles_football_team,
Georgia State,Sun Belt,Hue Jackson,Cam Clark,,https://en.wikipedia.org/wiki/2026_Georgia_State_Panthers_football_team,Co-DC John Haneline
Georgia Tech,ACC,George Godsey,Jason Semore,Tim Salem,https://en.wikipedia.org/wiki/2026_Georgia_Tech_Yellow_Jackets_football_team,Co-OC Chris Weinke
Hawai'i,Mountain West,Anthony Arceneaux,Dennis Thurman,Thomas Sheffield,https://en.wikipedia.org/wiki/2026_Hawaii_Rainbow_Warriors_football_team,
Houston,Big 12,Slade Nagle,Austin Armstrong,,https://en.wikipedia.org/wiki/2026_Houston_Cougars_football_team,
Illinois,Big Ten,Barry Lunney Jr.,Bobby Hauck,Chris Hurd,https://en.wikipedia.org/wiki/2026_Illinois_Fighting_Illini_football_team,"Hauck hired Feb 2026; wiki infobox carries an unexplained ""first 4 games"" note but no report of a change was found"
Indiana,Big Ten,Mike Shanahan,Bryant Haines,Grant Cain,https://en.wikipedia.org/wiki/2026_Indiana_Hoosiers_football_team,Co-OC Tino Sunseri
Iowa,Big Ten,Tim Lester,Phil Parker,Chris Polizzi,https://en.wikipedia.org/wiki/2026_Iowa_Hawkeyes_football_team,
Iowa State,Big 12,Tyler Roehl,Jesse Bobbit,,https://en.wikipedia.org/wiki/2026_Iowa_State_Cyclones_football_team,
Jacksonville State,Conference USA,Taylor Housewright,Brian Williams,Max Thurmond,https://en.wikipedia.org/wiki/2026_Jacksonville_State_Gamecocks_football_team,
James Madison,Sun Belt,Cam Aiken,Robert Bala,Rob Wenger,https://en.wikipedia.org/wiki/2026_James_Madison_Dukes_football_team,
Kansas,Big 12,Jim Zebrowski,D. K. McDonald,,https://en.wikipedia.org/wiki/2026_Kansas_Jayhawks_football_team,Wiki staff table lists Zebrowski as PGC/OC and Kotelnicki as assoc. HC; infobox still shows Andy Kotelnicki as OC (conflict); Co-OC Matt Lubick
Kansas State,Big 12,Sean Gleeson,Jordan Peterson,,https://en.wikipedia.org/wiki/2026_Kansas_State_Wildcats_football_team,Co-DC Marcus Woodson; Stanton Weber listed as special teams coach (coordinator title not confirmed)
Kennesaw State,Conference USA,,,,https://en.wikipedia.org/wiki/2026_Kennesaw_State_Owls_football_team,"Unresolved: no 2026 staff list found (2025 staff: OC Mitch Militello, DC Marc Mattioli, ST Kyle Blocker - not confirmed for 2026)"
Kent State,Mid-American,Clay Patterson,Cherokee Valeria,,https://en.wikipedia.org/wiki/2026_Kent_State_Golden_Flashes_football_team,
Kentucky,SEC,Joe Sloan,Jay Bateman,Parker Fleming,https://en.wikipedia.org/wiki/2026_Kentucky_Wildcats_football_team,
Liberty,Conference USA,Newland Isaac,Shawn Quinn,,https://en.wikipedia.org/wiki/2026_Liberty_Flames_football_team,
Louisiana,Sun Belt,Tim Leger,Jim Salgado,Mike Giuliani,https://en.wikipedia.org/wiki/2026_Louisiana_Ragin'_Cajuns_football_team,
Louisiana Tech,Sun Belt,Nathan Young,Luke Olson,,https://en.wikipedia.org/wiki/2026_Louisiana_Tech_Bulldogs_football_team,
Louisville,ACC,Brian Brohm,Mark Ivey; Steve Ellis,Karl Maslowski,https://en.wikipedia.org/wiki/2026_Louisville_Cardinals_football_team,Co-defensive coordinators Mark Ivey and Steve Ellis
LSU,SEC,Charlie Weis Jr.,Blake Baker,Joe Houston,https://en.wikipedia.org/wiki/2026_LSU_Tigers_football_team,Co-OC Joe Cox; Co-DC Chris Kiffin
Marshall,Sun Belt,Rod Smith,Brad Lambert,Jackson White,https://en.wikipedia.org/wiki/2026_Marshall_Thundering_Herd_football_team,
Maryland,Big Ten,Clint Trickett,Ted Monachino,Matt Barnes,https://en.wikipedia.org/wiki/2026_Maryland_Terrapins_football_team,Co-DC Aazaar Abdul-Rahim
Massachusetts,Mid-American,Max Warner,Jared Keyte,Joe Castellitto,https://en.wikipedia.org/wiki/2026_UMass_Minutemen_football_team,
Memphis,American Athletic,Kevin Decker,Lance Guidry,,https://en.wikipedia.org/wiki/2026_Memphis_Tigers_football_team,Co-OC David Weeks
Miami,ACC,Shannon Dawson,Corey Hetherman,Danny Kalter,https://en.wikipedia.org/wiki/2026_Miami_Hurricanes_football_team,
Miami (OH),Mid-American,,,Johnny Aylward,https://nfldraftbuzz.com/Colleges/FBS/MAC-FBS/miami-oh-redhawks/preview,OC/DC unresolved: 2026 previews mention new coordinators but no names found; ST per 2026 season preview coverage
Michigan,Big Ten,Jason Beck,Jay Hill,Kerry Coombs,https://en.wikipedia.org/wiki/2026_Michigan_Wolverines_football_team,
Michigan State,Big Ten,Nick Sheridan,Joe Rossi,LeVar Woods,https://en.wikipedia.org/wiki/2026_Michigan_State_Spartans_football_team,Co-DC Max Bullough
Middle Tennessee,Conference USA,Anthony Scelfo,Brian Stewart,,https://goblueraiders.com/news/2026/2/4/football-mason-announces-staff-changes | https://nfldraftbuzz.com/Colleges/FBS/C-USA-FBS/middle-tennessee-blue-raiders/preview,"Scelfo hired OC Feb 2026; Stewart (2025 DC) described as running the defense in 2026 preview, exact 2026 title unconfirmed; Cam Curtis named co-special teams coordinator"
Minnesota,Big Ten,Greg Harbaugh Jr.,Danny Collins,Daniel Da Prato,https://en.wikipedia.org/wiki/2026_Minnesota_Golden_Gophers_football_team,Co-DC Nick Monroe
Mississippi State,SEC,,Zach Arnett,Cliff Odom,https://en.wikipedia.org/wiki/2026_Mississippi_State_Bulldogs_football_team,No OC title found (HC Jeff Lebby is play caller; Philip Montgomery hired Mar 2026 as assoc. HC for offense/WR); Co-DC Matt Barnes per wiki staff table
Missouri,SEC,Chip Lindsey,Corey Batoon,John Papuchis,https://en.wikipedia.org/wiki/2026_Missouri_Tigers_football_team,Co-DC Derek Nicholson
Missouri State,Conference USA,Mark Cala,Jack Curtis,,https://missouristatebears.com/sports/football/roster,From official roster coaching staff listing (via search summary); Cala ex-UTEP OC
Navy,American Athletic,Drew Cronic,Eric Lewis,,https://en.wikipedia.org/wiki/2026_Navy_Midshipmen_football_team,Co-DC Ricky Brown
NC State,ACC,Kurt Roper,D. J. Eliot,,https://en.wikipedia.org/wiki/2026_NC_State_Wolfpack_football_team,Co-DC Charlton Warren
Nebraska,Big Ten,Dana Holgorsen,Rob Aurich,Brett Maher,https://en.wikipedia.org/wiki/2026_Nebraska_Cornhuskers_football_team,Co-OC Glenn Thomas
Nevada,Mountain West,Brett Bartolone,Kane Ioane,,https://en.wikipedia.org/wiki/2026_Nevada_Wolf_Pack_football_team,
New Mexico,Mountain West,Luke Schleusner,Spence Nowinsky,Erik Link,https://en.wikipedia.org/wiki/2026_New_Mexico_Lobos_football_team,
New Mexico State,Conference USA,David Yost,Joe Morris,,https://en.wikipedia.org/wiki/2026_New_Mexico_State_Aggies_football_team,
North Carolina,ACC,Bobby Petrino,Brian Belichick,,https://en.wikipedia.org/wiki/2026_North_Carolina_Tar_Heels_football_team,MID-SEASON CHANGE: Stephen Belichick was DC for first 2 games then resigned; Brian Belichick listed as interim DC
North Dakota State,Mountain West,Dan Larson,Grant Olson,Carlton Littlejohn,https://en.wikipedia.org/wiki/2026_North_Dakota_State_Bison_football_team,
Northern Illinois,Mountain West,Quinn Sanders,,Cory Connolly,https://en.wikipedia.org/wiki/2026_Northern_Illinois_Huskies_football_team,Co-OC Tony Petersen; DC unresolved - 2025 DC Rob Harley promoted to head coach Feb 2026 and no replacement DC found (DJ Bland listed as pass defense coordinator/CB)
North Texas,American Athletic,,Matt Powledge,,https://en.wikipedia.org/wiki/2026_North_Texas_Mean_Green_football_team,Co-DC Bradley Dale Peveto; no separate OC found - HC Neal Brown calls his own plays per 2026 previews
Northwestern,Big Ten,Chip Kelly,Tim McGarigle,,https://en.wikipedia.org/wiki/2026_Northwestern_Wildcats_football_team,
Notre Dame,FBS Independents,Mike Denbrock,Chris Ash,Marty Biagi,https://en.wikipedia.org/wiki/2026_Notre_Dame_Fighting_Irish_football_team,Co-DC Aaron Henry
Ohio,Mid-American,Scott Isphording,Kurt Mattix,Blair Cavanaugh,https://en.wikipedia.org/wiki/2026_Ohio_Bobcats_football_team,
Ohio State,Big Ten,Arthur Smith,Matt Patricia,Robby Discher,https://en.wikipedia.org/wiki/2026_Ohio_State_Buckeyes_football_team,Co-OC Keenan Bailey; Co-DC Tim Walton
Oklahoma,SEC,Ben Arbuckle,Todd Bates,Doug Deakin,https://en.wikipedia.org/wiki/2026_Oklahoma_Sooners_football_team,
Oklahoma State,Big 12,Sean Brophy,Skyler Cassity,Drew Svoboda,https://en.wikipedia.org/wiki/2026_Oklahoma_State_Cowboys_football_team,
Old Dominion,Sun Belt,Kody Cook,Blake Seiler,,https://en.wikipedia.org/wiki/2026_Old_Dominion_Monarchs_football_team,
Ole Miss,SEC,John David Baker,Bryan Brown,Jake Schoonover,https://en.wikipedia.org/wiki/2026_Ole_Miss_Rebels_football_team,Co-OC Cody Woodiel; Co-DC Marcus Woodson
Oregon,Big Ten,Drew Mehringer,Chris Hampton,Joe Lorig,https://en.wikipedia.org/wiki/2026_Oregon_Ducks_football_team,
Oregon State,Pac-12,Mitch Dahlen,Mike MacIntyre,,https://en.wikipedia.org/wiki/2026_Oregon_State_Beavers_football_team,Co-OC Ryan Wallace; Co-DC Cort Dennison
Penn State,Big Ten,Taylor Mouser,D'Anton Lynn,Justin Lustig,https://en.wikipedia.org/wiki/2026_Penn_State_Nittany_Lions_football_team,
Pittsburgh,ACC,Kade Bell,Cory Sanders,,https://en.wikipedia.org/wiki/2026_Pittsburgh_Panthers_football_team,
Purdue,Big Ten,Josh Henson,Kevin Kane,James Shibest,https://en.wikipedia.org/wiki/2026_Purdue_Boilermakers_football_team,
Rice,American Athletic,Vince Munch,Jon Kay,,https://en.wikipedia.org/wiki/2026_Rice_Owls_football_team,
Rutgers,Big Ten,Kirk Ciarrocca,Travis Johansen,Eddie Allen,https://en.wikipedia.org/wiki/2026_Rutgers_Scarlet_Knights_football_team,
Sacramento State,Mid-American,Eric Kiesau,Adam Clark,Milo Austin,https://en.wikipedia.org/wiki/2026_Sacramento_State_Hornets_football_team,Co-OC Eric Scott; Co-DC Kenwick Thompson; Co-ST Nick Alaimalo
Sam Houston,Conference USA,Zack Patterson,Freddie Aughtry-Lindsay,,https://en.wikipedia.org/wiki/2026_Sam_Houston_Bearkats_football_team,
San Diego State,Pac-12,Matt Johnson,Demetrius Sumler,,https://en.wikipedia.org/wiki/2026_San_Diego_State_Aztecs_football_team,
San José State,Mountain West,Craig Stutzmann,Bojay Filimoeatu,,https://en.wikipedia.org/wiki/2026_San_Jose_State_Spartans_football_team,No ST coordinator listed (Fred Guidici is special teams analyst)
SMU,ACC,Rob Likens; Garin Justice,Maurice Crum Jr.; Rickey Hunley Jr.,Casey Horny,https://en.wikipedia.org/wiki/2026_SMU_Mustangs_football_team,Co-coordinators on both sides (D'Eriq King also listed co-OC/QB); Crum calls defensive plays
South Alabama,Sun Belt,Major Applewhite,Todd Orlando,Tommy Perry,https://en.wikipedia.org/wiki/2026_South_Alabama_Jaguars_football_team | https://www.lagniappemobile.com/sports/applewhite-completes-staff-for-2026-season/article_7a8b13ac-aff8-461b-9ae1-e7ad2afc2f99.html,Head coach Major Applewhite doubles as OC; Co-DC Jason Washington
South Carolina,SEC,Kendal Briles,Clayton White,Matthew Smiley,https://en.wikipedia.org/wiki/2026_South_Carolina_Gamecocks_football_team,
Southern Miss,Sun Belt,Kyle Cefalo,Joe Bolden,,https://en.wikipedia.org/wiki/2026_Southern_Miss_Golden_Eagles_football_team,
South Florida,American Athletic,Tim Beck,Josh Aldridge,Chad Creamer,https://en.wikipedia.org/wiki/2026_South_Florida_Bulls_football_team,
Stanford,ACC,Terry Heffernan,Kris Richard,Nate Kaczor,https://en.wikipedia.org/wiki/2026_Stanford_Cardinal_football_team,
Syracuse,ACC,Jeff Nixon,Vince Kehres,Alex Bayer,https://en.wikipedia.org/wiki/2026_Syracuse_Orange_football_team,Co-OC Mike Johnson; Co-DC John Scott Jr.
TCU,Big 12,Gordon Sammis,Andy Avalos,,https://en.wikipedia.org/wiki/2026_TCU_Horned_Frogs_football_team,Co-OC A. J. Ricker
Temple,American Athletic,Tyler Walker,Brian Smith,,https://en.wikipedia.org/wiki/2026_Temple_Owls_football_team,
Tennessee,SEC,Joey Halzle,Jim Knowles,Evan Crabtree,https://en.wikipedia.org/wiki/2026_Tennessee_Volunteers_football_team,Co-DC Anthony Poindexter
Texas,SEC,Kyle Flood,Will Muschamp,Jeff Banks,https://en.wikipedia.org/wiki/2026_Texas_Longhorns_football_team,Co-OC A. J. Milwee (HC Steve Sarkisian calls plays); Co-DC Johnny Nansen
Texas A&M,SEC,Holmon Wiggins,Lyle Hemphill,Patrick Dougherty,https://en.wikipedia.org/wiki/2026_Texas_A&M_Aggies_football_team,Co-DC Elijah Robinson
Texas State,Pac-12,Landon Keopple,Will Windham,,https://en.wikipedia.org/wiki/2026_Texas_State_Bobcats_football_team,Co-OC Jordan Shoemaker; Co-DC Matthew Gregg
Texas Tech,Big 12,Mack Leftwich,Shiel Wood,Kenny Perry,https://en.wikipedia.org/wiki/2026_Texas_Tech_Red_Raiders_football_team,Co-DC Rob Greene
Toledo,Mid-American,Cris Reisert,Jahmal Brown,,https://en.wikipedia.org/wiki/2026_Toledo_Rockets_football_team,Reisert listed with co-offensive coordinator title (only OC-type title listed)
Troy,Sun Belt,Adam Austin,Dontae Wright,,https://en.wikipedia.org/wiki/2026_Troy_Trojans_football_team,Co-DC Nathan Burton
Tulane,American Athletic,Russ Callaway,Tayler Polk,Chris Forestier,https://en.wikipedia.org/wiki/2026_Tulane_Green_Wave_football_team,Co-DC Nate Fuqua
Tulsa,American Athletic,Kevin Barbay,Josh Reardon,Carter Barfield,https://en.wikipedia.org/wiki/2026_Tulsa_Golden_Hurricane_football_team,Co-OC Ty Darlington; Co-DC Mike Gray
UAB,American Athletic,,Todd Grantham,John Jones,https://en.wikipedia.org/wiki/2026_UAB_Blazers_football_team,"No OC title listed; HC Alex Mortensen (2022-25 OC) calls the offense per 2026 preview; Kevin Garver pass game coord., Gordon Steele run game coord."
UCF,Big 12,Steve Cooper,Alex Grinch,Pete Alamar,https://en.wikipedia.org/wiki/2026_UCF_Knights_football_team,
UCLA,Big Ten,Dean Kennedy,Colin Hitschler,Drew Canan,https://en.wikipedia.org/wiki/2026_UCLA_Bruins_football_team,
UConn,FBS Independents,Nunzio Campanile,Ryan Manalac,Pat Cashmore,https://en.wikipedia.org/wiki/2026_UConn_Huskies_football_team,Co-OC Marquel Blackwell
UL Monroe,Sun Belt,Jesse Montalto,Troy Reffett,Tony McClain,https://ulmwarhawks.com/news/2026/9/4/ulm-football-opens-season-at-mississippi-state.aspx | https://static.hailstate.com/custompages/pdf/fb/2026/2026_ULM%20FB%20Notes_01.1.pdf,From ULM 2026 game notes (official); ULM staff directory still shows 2025 roles
UNLV,Mountain West,Corey Dennis,Paul Guenther,,https://en.wikipedia.org/wiki/2026_UNLV_Rebels_football_team,No ST coordinator listed (Mitch Singler special teams assistant)
USC,Big Ten,Luke Huard,Gary Patterson,Mike Ekeler,https://en.wikipedia.org/wiki/2026_USC_Trojans_football_team,Co-OC Dennis Simmons; Co-ST Ryan Dougherty
Utah,Big 12,Kevin McGiven,Colton Swan,Sharrieff Shah,https://en.wikipedia.org/wiki/2026_Utah_Utes_football_team,
Utah State,Pac-12,Robert Anae,Nick Howell,Shane Hunter,https://en.wikipedia.org/wiki/2026_Utah_State_Aggies_football_team,
UTEP,Mountain West,Lanear Sampson,Kyle Beyer,,https://en.wikipedia.org/wiki/2026_UTEP_Miners_football_team,Co-OC Joe Pappalardo; Co-DC Kelvin Sigler
UTSA,American Athletic,Rick Bowie,Jess Loepp,,https://en.wikipedia.org/wiki/2026_UTSA_Roadrunners_football_team,
Vanderbilt,SEC,Tim Beck,Steve Gregory,Jeff LePak,https://en.wikipedia.org/wiki/2026_Vanderbilt_Commodores_football_team,Co-DC Nick Lezynski
Virginia,ACC,Desmond Kitchings,John Rudzinski,Keith Gaither,https://en.wikipedia.org/wiki/2026_Virginia_Cavaliers_football_team,
Virginia Tech,ACC,Ty Howle,Brent Pry,Doug Shearer,https://en.wikipedia.org/wiki/2026_Virginia_Tech_Hokies_football_team,
Wake Forest,ACC,Rob Ezell,Scottie Hazelton,,https://en.wikipedia.org/wiki/2026_Wake_Forest_Demon_Deacons_football_team,
Washington,Big Ten,,Ryan Walters,Chris Petrilli,https://en.wikipedia.org/wiki/2026_Washington_Huskies_football_team,No OC: 2025 OC Jimmie Dougherty left Feb 2026; HC Jedd Fisch calls offensive plays
Washington State,Pac-12,Matt Miller,Trent Bray,,https://en.wikipedia.org/wiki/2026_Washington_State_Cougars_football_team,
Western Kentucky,Conference USA,Bodie Reeder,Davis Merritt,Andy LaRussa,https://en.wikipedia.org/wiki/2026_Western_Kentucky_Hilltoppers_football_team,Co-OC Joe Bernardi
Western Michigan,Mid-American,Walt Bell,Greer Martini,,https://en.wikipedia.org/wiki/2026_Western_Michigan_Broncos_football_team,Co-DC Duane Vaughn
West Virginia,Big 12,,Zac Alley,,https://en.wikipedia.org/wiki/2026_West_Virginia_Mountaineers_football_team,OC not found in wiki or news search (HC Rich Rodriguez)
Wisconsin,Big Ten,Jeff Grimes,Mike Tressel,Bob Ligashesky,https://en.wikipedia.org/wiki/2026_Wisconsin_Badgers_football_team,
Wyoming,Mountain West,Christian Taylor,Aaron Bohl,Shannon Moore; Jason Petrino,https://en.wikipedia.org/wiki/2026_Wyoming_Cowboys_football_team,Co-special teams coordinators
